district_code,district,year,built_up_area_sq_m,built_up_area_sq_km
17728,Hoshangabad,2015,3.8206660776470594E7,38.20666077647059
17730,Jabalpur,2015,5.626212508627451E7,56.26212508627451
17732,Mandla,2015,2.6161092584313728E7,26.161092584313728
17733,Mandsaur,2015,4.7466222066666655E7,47.46622206666665
17734,Morena,2015,3.636719822745098E7,36.367198227450984
17741,Rajgarh,2015,3.743108923921569E7,37.43108923921569
17756,West Nimar,2015,5.002419362352943E7,50.02419362352943
70170,Barwani,2015,2.8211905125490203E7,28.211905125490205
70172,Dindori,2015,1.4623631125490194E7,14.623631125490194
70173,Harda,2015,1.955832414509804E7,19.55832414509804
70174,Katni,2015,4.290535644705883E7,42.90535644705883
70175,Neemuch,2015,2.90494328627451E7,29.0494328627451
70176,Sheopur,2015,1.55882045372549E7,15.5882045372549
70177,Umaria,2015,1.3936889521568628E7,13.936889521568627
17725,East Nimar,2015,3.571081329411765E7,35.71081329411765
17726,Guna,2015,2.7683749811764702E7,27.683749811764702
17748,Shahdol,2015,4.732459304313725E7,47.324593043137256
70168,Anuppur,2015,2.0455660286274508E7,20.455660286274508
70169,Ashoknagar,2015,2.219358043137255E7,22.19358043137255
17712,Balaghat,2015,5.323103065490195E7,53.23103065490195
17714,Betul,2015,4.195163018823528E7,41.951630188235285
17715,Bhind,2015,3.284453542745098E7,32.84453542745098
17716,Bhopal,2015,6.687874272156864E7,66.87874272156864
17718,Chhatarpur,2015,4.0258642352941185E7,40.25864235294119
17719,Chhindwara,2015,5.1930357250980385E7,51.930357250980386
17720,Damoh,2015,2.4841511682352945E7,24.841511682352944
17721,Datia,2015,1.7217787819607843E7,17.217787819607842
17722,Dewas,2015,5.030416365490195E7,50.30416365490195
17723,Dhar,2015,7.000111825490196E7,70.00111825490195
17727,Gwalior,2015,4.427897916078432E7,44.27897916078432
17729,Indore,2015,9.669391036862744E7,96.69391036862744
17731,Jhabua,2015,3.8325181898039214E7,38.32518189803921
17735,Narsinghpur,2015,3.1022705599999998E7,31.0227056
17736,Panna,2015,2.4665455047058824E7,24.665455047058824
17739,Raisen,2015,3.77529243372549E7,37.752924337254896
17742,Ratlam,2015,4.398013984705883E7,43.98013984705883
17743,Rewa,2015,5.877896690588235E7,58.77896690588235
17744,Sagar,2015,5.01673289137255E7,50.167328913725505
17745,Satna,2015,6.025762991764706E7,60.25762991764706
17746,Sehore,2015,4.426337351372549E7,44.26337351372549
17747,Seoni,2015,4.415897123921569E7,44.15897123921569
17749,Shajapur,2015,4.348838258431373E7,43.488382584313726
17750,Shivpuri,2015,4.1054916619607836E7,41.05491661960784
17751,Sidhi,2015,8.240288757254902E7,82.40288757254902
17753,Tikamgarh,2015,3.457868991764706E7,34.578689917647054
17754,Ujjain,2015,6.743720492156863E7,67.43720492156864
17755,Vidisha,2015,3.6119397725490205E7,36.1193977254902
70171,Burhanpur,2015,1.5556399776470589E7,15.556399776470588
17728,Hoshangabad,2020,4.120079046274509E7,41.20079046274509
17730,Jabalpur,2020,6.176061606666667E7,61.76061606666667
17732,Mandla,2020,3.2160738364705883E7,32.160738364705885
17733,Mandsaur,2020,5.200198250588234E7,52.00198250588234
17734,Morena,2020,4.748009489803922E7,47.48009489803922
17741,Rajgarh,2020,4.4354233807843134E7,44.35423380784314
17756,West Nimar,2020,5.759952868627451E7,57.59952868627451
70170,Barwani,2020,4.3420652015686266E7,43.420652015686265
70172,Dindori,2020,1.9865814286274508E7,19.865814286274507
70173,Harda,2020,2.094113301176471E7,20.94113301176471
70174,Katni,2020,4.871213039999999E7,48.71213039999999
70175,Neemuch,2020,3.2432880949019615E7,32.43288094901961
70176,Sheopur,2020,1.8382081717647057E7,18.382081717647058
70177,Umaria,2020,1.7378822603921566E7,17.378822603921567
17725,East Nimar,2020,3.895857445490196E7,38.958574454901964
17726,Guna,2020,3.2466899513725482E7,32.46689951372548
17748,Shahdol,2020,6.5039258298039205E7,65.0392582980392
70168,Anuppur,2020,2.373152934901961E7,23.73152934901961
70169,Ashoknagar,2020,2.598354239215686E7,25.983542392156863
17712,Balaghat,2020,6.0374715439215675E7,60.37471543921568
17714,Betul,2020,4.851578777647058E7,48.51578777647058
17715,Bhind,2020,4.460533992156863E7,44.605339921568635
17716,Bhopal,2020,7.349847320784315E7,73.49847320784315
17718,Chhatarpur,2020,5.04491076E7,50.449107600000005
17719,Chhindwara,2020,6.113503654509803E7,61.13503654509803
17720,Damoh,2020,2.855186430980392E7,28.55186430980392
17721,Datia,2020,1.9720424141176466E7,19.720424141176466
17722,Dewas,2020,5.575467909019609E7,55.754679090196085
17723,Dhar,2020,8.582245098039214E7,85.82245098039215
17727,Gwalior,2020,5.3731456313725494E7,53.731456313725495
17729,Indore,2020,1.053856855254902E8,105.38568552549019
17731,Jhabua,2020,6.796918012549019E7,67.96918012549018
17735,Narsinghpur,2020,3.4689637262745105E7,34.6896372627451
17736,Panna,2020,2.8233928266666666E7,28.233928266666666
17739,Raisen,2020,4.20546188117647E7,42.054618811764705
17742,Ratlam,2020,5.433334172156862E7,54.33334172156862
17743,Rewa,2020,7.167921262352942E7,71.67921262352942
17744,Sagar,2020,5.852268377254902E7,58.522683772549016
17745,Satna,2020,6.949854870980394E7,69.49854870980394
17746,Sehore,2020,5.127342090196079E7,51.27342090196079
17747,Seoni,2020,4.701322730980392E7,47.013227309803916
17749,Shajapur,2020,4.950478955686274E7,49.50478955686274
17750,Shivpuri,2020,5.005872502352941E7,50.05872502352941
17751,Sidhi,2020,1.2851551420392159E8,128.51551420392158
17753,Tikamgarh,2020,4.123799417254904E7,41.23799417254904
17754,Ujjain,2020,7.058420476078431E7,70.58420476078432
17755,Vidisha,2020,4.082487488627452E7,40.824874886274515
70171,Burhanpur,2020,1.6784323752941176E7,16.784323752941177
17728,Hoshangabad,2025,4.5797180349019594E7,45.79718034901959
17730,Jabalpur,2025,6.6973115729411766E7,66.97311572941176
17732,Mandla,2025,3.6604296219607845E7,36.604296219607846
17733,Mandsaur,2025,5.78258246745098E7,57.8258246745098
17734,Morena,2025,5.3647282729411766E7,53.647282729411764
17741,Rajgarh,2025,4.985641890980392E7,49.85641890980392
17756,West Nimar,2025,6.4375056027450986E7,64.37505602745098
70170,Barwani,2025,5.1943212156862736E7,51.943212156862735
70172,Dindori,2025,2.309191107843137E7,23.091911078431373
70173,Harda,2025,2.3305495062745094E7,23.305495062745095
70174,Katni,2025,5.3983729384313725E7,53.983729384313726
70175,Neemuch,2025,3.6132285466666676E7,36.13228546666667
70176,Sheopur,2025,2.023697615686274E7,20.236976156862738
70177,Umaria,2025,2.013223682745098E7,20.132236827450978
17725,East Nimar,2025,4.332912794117647E7,43.329127941176466
17726,Guna,2025,3.6397694611764714E7,36.39769461176471
17748,Shahdol,2025,7.799273867058823E7,77.99273867058822
70168,Anuppur,2025,2.7139941725490198E7,27.139941725490196
70169,Ashoknagar,2025,2.9141986498039216E7,29.141986498039216
17712,Balaghat,2025,6.772232268627448E7,67.72232268627448
17714,Betul,2025,5.395719119607843E7,53.957191196078426
17715,Bhind,2025,4.858491619607843E7,48.584916196078424
17716,Bhopal,2025,7.863122606274512E7,78.63122606274513
17718,Chhatarpur,2025,5.6912903643137254E7,56.912903643137255
17719,Chhindwara,2025,6.905350096862747E7,69.05350096862747
17720,Damoh,2025,3.1647880341176473E7,31.64788034117647
17721,Datia,2025,2.1381576145098034E7,21.381576145098034
17722,Dewas,2025,6.165823858431373E7,61.65823858431373
17723,Dhar,2025,9.846118534509805E7,98.46118534509804
17727,Gwalior,2025,5.834055471372549E7,58.340554713725496
17729,Indore,2025,1.1242464585098036E8,112.42464585098035
17731,Jhabua,2025,8.696860111372547E7,86.96860111372547
17735,Narsinghpur,2025,3.931441038431373E7,39.31441038431373
17736,Panna,2025,3.1504630078431375E7,31.504630078431376
17739,Raisen,2025,4.626349295294118E7,46.26349295294118
17742,Ratlam,2025,6.2287808392156854E7,62.287808392156855
17743,Rewa,2025,8.390408001568627E7,83.90408001568628
17744,Sagar,2025,6.483041886666666E7,64.83041886666666
17745,Satna,2025,7.974933447843137E7,79.74933447843138
17746,Sehore,2025,5.795185992549019E7,57.95185992549019
17747,Seoni,2025,5.012255401568627E7,50.122554015686276
17749,Shajapur,2025,5.424961784705881E7,54.24961784705881
17750,Shivpuri,2025,5.733455256078431E7,57.33455256078431
17751,Sidhi,2025,1.596124048745098E8,159.61240487450982
17753,Tikamgarh,2025,4.737632189411766E7,47.37632189411766
17754,Ujjain,2025,7.427903652549021E7,74.27903652549021
17755,Vidisha,2025,4.5220146972549014E7,45.22014697254902
70171,Burhanpur,2025,1.845754530196079E7,18.45754530196079
